unbuilt,incomplete,toll
concur,trans
concur,incomplete,trans,toll
concur,incomplete,hov,toll
concur,etc,trans
none
unbuilt
toll
concur,incomplete,etc,trans,unbuilt
concur,incomplete,closed,unbuilt
unbuilt,etc,incomplete,trans
incomplete,hov,trans,etc
incomplete,hov,etc,closed,trans
concur,incomplete,trans
toll,concur,incomplete
incomplete,trans,concur
incomplete,toll,trans
16
closed,concur,hov,incomplete,unbuilt
toll,concur
closed,concur,incomplete,etc,trans,hov,unbuilt
trans,unbuilt
etc,trans
incomplete,concur,toll
incomplete,concur,etc
incomplete,trans
closed,incomplete,toll,unbuilt
trans,etc
closed,concur
concur,incomplete,etc
concur,incomplete,etc,unbuilt
hov,incomplete
trans
concur
25
incomplete,concur,etc,trans,toll
unbuilt,incomplete
29
trans,incomplete,concur,toll
closed,etc,hov,incomplete,trans
incomplete,toll
incomplete,toll,unbuilt
etc,trans,incomplete
concur,incomplete,unbuilt
concur,incomplete,hov,toll,trans,unbuilt
Mini
exit, incomplete
concur,incomplete
etc,trans,incomplete,unbuilt
concur,incomplete,toll,HOV
concur,incomplete,toll,closed
37
concur,etc,incomplete,trans
incomplete,unbuilt,future
incomplete,trans,unbuilt,etc
concur, incomplete
etc,unbuilt,incomplete
closed,concur,trans
concur,proposed,trans
concur,hov,incomplete,trans
concur,hov,incomplete,etc
incomplete,concur
closed
toll,unbuilt,incomplete,closed
None
etc,incomplete,hov
trans,concur,incomplete
concur,toll
44
incomplete,unbuilt,toll
concur,incomplete,trans,unbuilt
closed,unbuilt
concur,toll,incomplete
49
concur,etc
incomplete,etc
trans,concur
incomplete,trans,toll
concur,etc,incomplete
closed,etc,incomplete
trans,concur,incomplete,unbuilt
incomplete
etc
concur,etc,trans,unbuilt,incomplete
concur,incomplete,unbuilt,toll
concur,incomplete,trans,proposed
trans,unbuilt,incomplete
unbuilt,trans
incomplete,hov,etc
etc,trans,unbuilt
concur,incomplete,toll,trans
closed,incomplete
incomplete,concur,trans
closed,concur,incomplete,toll
proposed
concur,incomplete,closed
incomplete,toll,concur
61
former,future
concur,former,incomplete,etc,trans,unbuilt
trans,incomplete,etc
concur,incomplete,toll
closed,concur,incomplete
incomplete,trans,unbuilt
concur,closed
trans,unbuilt,etc
concur,etc,hov,incomplete
concur,trans,unbuilt
incomplete,former,toll
closed,concur,incomplete,trans
etc,incomplete
unbuilt,toll,incomplete,trans
concur,trans,incomplete
incomplete,etc,trans
closed,concur,proposed,toll,trans,unbuilt
concur,incomplete,proposed,toll,trans
concur,incomplete,toll,unbuilt
incomplete,concur,closed,toll
incomplete,unbuilt
concur,incomplete,hov
concur,hov,incomplete
trans,incomplete
incomplete,trans,concur,toll
trans,concur,incomplete,etc
concur,unbuilt
closed,incomplete,trans,unbuilt
closed,concur,etc,incomplete
incomplete,unbuilt,closed,toll,trans
concur,incomplete,etc,toll